word,count
text,825
sentiment,825
rt,587
trump,547
the,410
neutral,379
donald,340
positive,309
a,287
to,281
bush,208
barbara,205
of,189
and,181
for,176
in,163
is,149
negative,137
that,127
her,109
with,87
he,84
i,83
new,79
his,78
president,77
on,74
you,70
she,69
not,68
,68
book,65
about,60
if,60
it,57
from,56
this,53
heart,50
be,50
at,50
we,48
no,46
all,46
have,45
attack,44
so,43
de,43
que,41
one,40
mueller,40
by,38
who,38
are,37
but,37
has,36
was,35
how,34
your,34
realdonaldtrump,34
jr,34
said,33
amp,31
first,31
they,30
as,30
former,29
says,29
what,29
will,29
more,28
than,28
biography,28
me,28
blames,28
after,28
get,27
puerto,27
like,25
were,25
trumps,24
up,24
my,24
lady,23
disliked,23
say,23
had,23
him,23
rico,23
can,22
j,22
out,22
would,21
herself,21
down,21
el,21
our,21
only,20
time,20
right,20
house,20
report,20
great,20
details,19
republican,19
still,19
people,19
just,19
dbongino,19
blamed,18
george,18
claims,18
caused,18
last,18
an,18
news,18
h‚Ä¶,17
now,17
week,17
do,17
or,17
via,17
special,17
la,17
trump‚Äôs,17
presidente,17
should,17
been,17
barr,17
border,17
jussie,16
much,16
care,16
bushs,15
could,15
over,15
olympics,15
these,15
better,15
se,15
see,15
schiff,15
hes,14
clinton,14
longer,14
back,14
today,14
bush‚Äôs,14
thing,14
also,14
a‚Ä¶,14
most,14
did,14
let,14
2019,14
take,14
m√°s,14
man,14
never,13
family,13
fiercely,13
means,13
called,13
can‚Äôt,13
washington,13
days,13
obama,13
ahora,13
march,13
stop,13
wants,13
adam,13
stand,13
ill,12
country,12
qanon,12
dislike,12
russian,12
there,12
year,12
funding,12
endorsed,12
i‚Äôm,12
por,12
t‚Ä¶,12
close,12
cant,12
adorocinema,12
politico,11
wrote,11
horrible,11
left,11
us,11
2020,11
why,11
obamacare,11
under,11
dead,11
death,11
any,11
being,11
things,11
breaking,11
russia,11
need,11
un,11
william,11
bully,11
america,11
every,11
cnn,11
running,10
vote,10
im,10
considered,10
upcoming,10
party,10
page,10
which,10
clock,10
points,10
democrats,10
when,10
got,10
httpstco‚Ä¶,10
putin,10
office,10
night,10
hillary,10
know,10
con,10
its,10
government,10
it‚Äôs,10
poll,10
y,10
white,10
ever,10
them,10
en,10
going,10
make,10
devincow,10
duque,10
long,9
tells,9
along,9
old,9
go,9
may,9
found,9
tru‚Ä¶,9
e‚Ä¶,9
distrust,9
tweet,9
pro‚Ä¶,9
reason,9
person,9
presidency,9
chris,9
want,9
don‚Äôt,9
sorry,9
next,9
years,9
del,9
venezuela,9
o,9
los,9
must,9
governor,9
he‚Äôs,9
es,9
smollett,9
i‚Ä¶,9
budget,9
campaign,9
gop,8
husband,8
he‚Ä¶,8
breitbartnews,8
nn,8
diary,8
rl9631,8
mcspocky,8
consider,8
‚Äúthe,8
hoax,8
q,8
countdown,8
less,8
jeb,8
smart,8
where,8
into,8
end,8
amysiskind,8
billionaire,8
thehill,8
political,8
told,8
https‚Ä¶,8
committee,8
robert,8
maddowblog,8
acnewsitics,8
joncoopertweets,8
approval,8
resign,8
visit,8
nuclear,8
straight,8
thought,8
droga,8
todays,7
far,7
ive,7
greed,7
maga,7
went,7
van,7
susanpage,7
nbcnews,7
cyrusmmcqueen,7
love,7
post,7
bad,7
attacks,7
b‚Ä¶,7
http‚Ä¶,7
thedemcoalition,7
support,7
evans,7
didn‚Äôt,7
‚Äî,7
yeah,7
because,7
think,7
oversight,7
some,7
big,7
taken,7
away,7
push,7
edkrassen,7
punch,7
radical,7
always,7
rating,7
jumps,7
five,7
during,7
north,7
donaldjtrumpjr,7
ha,7
tom,7
continued,7
men,7
memo,7
alexandria,7
ocasiocortez,7
nada,7
colombia,7
hatred,6
1990s,6
low,6
voter,6
greatawakening,6
mr,6
and‚Ä¶,6
please,6
golf,6
quote,6
especially,6
‚ö°Ô∏è,6
‚Äúbarbara,6
war,6
republicans,6
msnbc,6
course,6
picked,6
cares,6
probably,6
id,6
believe,6
plan,6
eliminate,6
killer,6
worst,6
that‚Ä¶,6
‚Äúputin,6
american,6
the‚Ä¶,6
does,6
fund,6
le,6
doj,6
paul,6
doesnt,6
made,6
hate,6
democratic,6
mike,6
times,6
dont,6
few,6
acosta,6
n,6
devin,6
nunes,6
threatens,6
watch,6
talked,6
using,6
football,6
korea,6
al,6
uk,6
bill,6
isnn1,6
taxesnn2,6
genius,6
gradesnn3,6
exonerat‚Ä¶,6
safetypindaily,6
father,6
recusa,6
interpretar,6
brady,6
nos,6
cinemas,6
enquanto,6
jogador,6
apoiar,6
friday,6
29,6
presidentnthanks,6
weekend,6
james,6
noticiascaracol,6
‚Äúest√°,6
llegando,6
presidente‚Äù,6
adriandt31,6
chairnof,6
lose,6
hisnsecurity,6
clearancennschiff,6
serial,6
leaker,6
disgraceful,6
scheme,6
available,6
preorder,6
n‚Äúexonerated‚Ä¶,6
odds,6
looked,6
barrs,6
unsolicited,6
19,6
let‚Ä¶,6
life,6
proudresister,6
gaslighted,6
colluded,6
watched,6
unfol‚Ä¶,6
drogas,6
kylegriffin1,5
terms,5
r‚Ä¶,5
mrs,5
bring,5
pres,5
shows,5
word,5
personal,5
too,5
lrihendry,5
story,5
spygate,5
decades,5
abc,5
sign,5
joke,5
reporting,5
many,5
racist,5
wife,5
usatoday,5
kept,5
counting,5
clan,5
another,5
ugly,5
until,5
use,5
wont,5
angst,5
reveals,5
‚Äújeb,5
‚Äòmom,5
worry,5
anything,5
about‚Äô,5
‚Äù,5
recalled,5
‚Äúhe‚Äôs,5
seems,5
opinion,5
in‚Ä¶,5
day,5
muslim,5
help,5
johnpavlovitz,5
nbc,5
secret,5
2018,5
claimed,5
newsweek,5
even,5
don,5
department,5
best,5
health,5
cnnpolitics,5
against,5
read,5
pence,5
30,5
blame,5
own,5
york,5
two,5
way,5
steve,5
bannon,5
pr,5
again,5
ricardo,5
good,5
nothing,5
getting,5
amlo,5
d‚Ä¶,5
unidos,5
case,5
calls,5
mitchellvii,5
300,5
pages,5
rally,5
grand,5
ddale8,5
call,5
resignation,5
already,5
maralago,5
bear,5
armsnn,5
thomas,5
jeffersonn,5
madisonn,5
alexander,5
bother,5
cracking,5
topten,5
amazon,5
‚Äúexonerated,5
failed,5
tak‚Ä¶,5
permit,5
keystone,5
pipeline,5
congress,5
juddlegum,5
redact,5
material,5
protect,5
privacy,5
‚Äúperipheral,5
third,5
parties‚Äùnnkey,5
qu‚Ä¶,5
buen,5
rep,5
lies,5
desde,5
apparently,5
confusing,5
windmills,5
wind,5
turbines,5
impersonating,5
sound,5
devices,5
windmil‚Ä¶,5
mexico,5
large,5
hecho,5
world,5
saliendo,5
antes,5
mrfilmkritik,5
joetalkshow,4
understand,4
or‚Ä¶,4
booknnbush,4
attacknnshe,4
jimjatras,4
identified,4
couldnt,4
nbcnightlynews,4
narrator,4
httpstcos2dqmyt1cl,4
thenreal,4
estate‚Ä¶,4
nobamadotcom,4
telling,4
deeply,4
known,4
theynn1,4
mollymckew,4
httpstcoinzpdsu2it,4
httpstcongkwvxdvx2,4
jthverhovek,4
both,4
them‚Äù,4
january,4
1990,4
selfi‚Ä¶,4
newsobsessed,4
cynthiarunnels1,4
guess,4
zaibatsunews,4
age,4
biographer,4
httpstcocu9v1cy5vj,4
p2,4
ctl,4
mollymckewnhave,4
httpstcomx23ev6ypc,4
httpstcok5ok9rxhit,4
babs,4
hell‚Ä¶,4
httpstcodraibuuy5x,4
soon,4
published,4
asked,4
republic‚Ä¶,4
usatodaydc,4
forthcoming,4
given,4
susan,4
expounds,4
upon,4
boo‚Ä¶,4
joemygod,4
rips,4
posthumous,4
httpstcop8kqqskhdw,4
httpstcoxwoert8bz2,4
pbump,4
h,4
w,4
httpstcodxnzi4nscx,4
dananamama,4
üìñ,4
n‚Äúshe‚Äù,4
nfolks,4
qarmy,4
followthewhiterabbit,4
walkaway,4
nationalemergency,4
smol‚Ä¶,4
httpstcor9ctjjknrh,4
paulstewartii,4
matriarch,4
detailed,4
longstanding,4
freedomforcer,4
jones,4
nothingburger,4
nhttpstcod8h4hh0an2,4
nsearch,4
map,4
dot,4
pub,4
anon,4
wa‚Ä¶,4
deep,4
prolonged,4
bewilderment,4
hi‚Ä¶,4
philiprucker,4
remarkable,4
comments,4
including,4
send,4
fredtjoseph,4
wait,4
cart,4
httpstcod9c2u2zggt,4
respect,4
likes,4
httpstcotisntvu4lf,4
gotta,4
bullshit,4
mccain‚Ä¶,4
trump‚Äùnnhttpstcompldxthfep,4
timrunshismouth,4
killed,4
mocking,4
httpstco27rpejmoda,4
wonder,4
fire,4
expect,4
ohnoshetwitnt,4
second,4
fight,4
republ‚Ä¶,4
wouldnt,4
wth,4
this‚Äôs,4
ridiculous,4
httpstcocvxf06v‚Ä¶,4
go‚Ä¶,4
chuckwoolery,4
httpstconxhi9pulmm,4
gatewaypundit,4
continue,4
became,4
response,4
give,4
respond,4
‚Äútrump,4
attorney,4
share,4
around,4
hated,4
nope,4
shut,4
officials,4
jared,4
kushner,4
lie,4
manafort,4
juan,4
general,4
lot,4
makes,4
sayshummingbird,4
betsy,4
devos,4
announced,4
put,4
i‚Äôve,4
s‚Ä¶,4
biggest,4
anyone,4
key,4
da,4
media,4
crime,4
justice,4
takes,4
trump‚Ä¶,4
able,4
base,4
exonerated,4
spent,4
look,4
between,4
exclusive,4
heard,4
su,4
fbi,4
2,4
conspiracy,4
who‚Äôs,4
supporters,4
twitter,4
mouth,4
fraud,4
children,4
jackposobiec,4
air,4
2017,4
released,4
rapids,4
sources,4
history,4
took,4
sobre,4
represents,4
boycottutah,4
citizen,4
unfit,4
1,4
thank,4
eeuu,4
youtube,4
funds,4
interview,4
falsely,4
migrant,4
admitted,4
7yearold,4
daughter,4
died,4
patrol,4
cust‚Ä¶,4
literally,4
really,4
o‚Ä¶,4
issues,4
farright,4
nations,4
lakes,4
restoration,4
saturday,4
estados,4
contra,4
si,4
paulsperry,4
rashida,4
tlaib,4
palestinian,4
socialist,4
activist,4
bounced,4
service‚Ä¶,4
immigration,4
strong,4
wi‚Ä¶,4
current,4
lawsuit,4
huffpost,4
noticiasrcn,4
fuerte,4
reclamo,4
asegur√≥,4
est√°n,4
sebgorka,4
president‚Äôs,4
adult,4
son‚Äôs,4
defense,4
httpstcoapm1uamfkk,4
mcconnell,4
centro,4
democr√°tico,4
rechaza,4
las,4
place,4
crisis,4
conservmillen,3
hailing,3
hero,3
crimi‚Ä¶,3
trumpntoo,3
werent,3
httpstco5t3shkzzm4,3
count,3
clocks,3
theendofthispresidencycantcomesoonenough,3
tpm,3
shes,3
anymore,3
httpstcoryb‚Ä¶,3
frontpage,3
administrations,3
assault,3
lights,3
preside‚Ä¶,3
grrrgraphics,3
hates,3
else,3
swamp,3
dweller,3
came,3
kicked,3
jebbys,3
late,3
his‚Ä¶,3
won,3
üòÇüòÇüòÇ,3
wouldn‚Äôt,3
hard,3
nypost,3
httpstcofzvnpvgxvw,3
httpstcofsisrktmum,3
words,3
justbeatee,3
promote,3
hateaint,3
estate,3
nmichelle,3
earlofenough,3
funeral,3
wantsnnwhen,3
passe‚Ä¶,3
httpstcoqwnt8mkwyh,3
httpstcoub9hfxpq0f,3
httpstcovnku5ao52xndevos,3
defends,3
amid,3
backlash‚Ä¶,3
httpstcoxlspwf7eqz,3
just‚Ä¶,3
httpstcoyu20bo5q2q,3
artistangie,3
mccain,3
any‚Ä¶,3
selfishness,3
sad‚Äù,3
bushntrumpisnotexonerated,3
httpstcowmfnmipyjn,3
sassygirlboss,3
nnputin,3
heaven‚Äôs,3
sake‚Äù,3
erupted,3
httpstcosarbughgux,3
httpstcoql9hsfignp,3
lindseybever,3
buying,3
wasnt,3
thinskinned,3
snowflake,3
fa‚Ä¶,3
httpstcoqwhkcoh1rn,3
httpstcodld3b6yfkl,3
kellyanne,3
is‚Ä¶,3
kidding,3
mean,3
name,3
badly,3
voted,3
thick,3
fabiana,3
rosales,3
work,3
spoke,3
whose,3
reportedly,3
revealed,3
counsel,3
team,3
top,3
security,3
httpst‚Ä¶,3
financial,3
bigot,3
week‚Ä¶,3
indicted,3
keep,3
joyannreid,3
drjasonjohnson,3
point,3
thinks,3
ivanka,3
black,3
having,3
education,3
lying,3
won‚Äôt,3
e,3
jguaido,3
sided,3
palmerreport,3
fake,3
chicago,3
leader,3
presidential,3
√†,3
leave,3
dems,3
tax,3
pero,3
unusual,3
documents,3
trumpndonald,3
destroyed,3
republican‚Äôs,3
narrative,3
flipped,3
entire,3
ba‚Ä¶,3
barack,3
je,3
repadamschiff,3
seriously,3
pompeo,3
tellin,3
clogged,3
arte‚Ä¶,3
wh,3
‚Äúyour,3
fing,3
up‚Äù,3
fires,3
ignorant,3
weve,3
summary,3
definitely,3
rossell√≥,3
warns,3
smartnews,3
3,3
bunch,3
von,3
potus,3
inflated,3
net,3
worth,3
lenders,3
sethabramson,3
off,3
bob,3
wrong,3
damage,3
done,3
johnkissmybot,3
hell,3
wallnyour,3
travel,3
bansnyour,3
dreamer,3
harassmentnyour,3
aca,3
sabotagenyour,3
ice,3
raidsnyour,3
muslim‚Ä¶,3
gets,3
then,3
aux,3
tipo,3
presidente‚Ä¶,3
believes,3
gov,3
responde,3
lo,3
lleg√≥,3
michael,3
12,3
raise,3
realsaavedra,3
rossello,3
th‚Ä¶,3
hasnt,3
deadlinewh,3
turning,3
didnt,3
michigan,3
saying,3
meetings,3
rusia,3
irse,3
tiene,3
specialolympics,3
united,3
signed,3
future,3
pr‚Ä¶,3
part,3
to‚Ä¶,3
almost,3
reelected,3
per,3
making,3
politifact,3
real,3
n‚Ä¶,3
sue,3
nnmike,3
convert,3
nndonald,3
deport,3
brandongroeny,3
hamilton‚Ä¶,3
üí∞,3
franktmcveety,3
western,3
canada,3
httpstcoqv3k3ps8rf,3
gives,3
website,3
reports,3
lizard,3
proposes,3
steep,3
cuts,3
n2,3
ignores,3
fully,3
itn3,3
office‚Ä¶,3
mattiasneo,3
om,3
valet,3
av,3
√§r,3
den,3
v√§ljarm√§ssiga,3
motsvarigheten,3
till,3
att,3
k√∂pa,3
harley,3
davidsonmotorcykel,3
f√∂r,3
sitt,3
pension‚Ä¶,3
rahm,3
emanuel,3
advantage,3
revistasemana,3
despach√≥,3
ivanduque,3
bien,3
afirm√≥,3
era,3
tipo‚Ä¶,3
‚Äúmexico,3
tough,3
chose,3
to‚Äù,3
‚Äúnow,3
whitehouse,3
administration,3
solidarity,3
jewish,3
brothers,3
sisters,3
dice,3
keithboykin,3
led,3
chant,3
‚Äúaoc,3
sucks‚Äù,3
bebest,3
everyt‚Ä¶,3
adviser,3
trade,3
deal,3
iv√°n,3
disarray,3
victory,3
lap,3
clouded,3
chaos,3
nnthere,3
loyal,3
fathe‚Ä¶,3
sensationally,3
selfowns,3
pulitzer,3
gaffe,3
worthy,3
prize,3
window,3
following,3
alvarouribevel,3
declaraciones,3
release,3
mollyjongfast,3
worked,3
encouraging,3
dads,3
at‚Ä¶,3
repdancrenshaw,3
tienen,3
jokingly,2
gifted,2
nobody,2
playboy,2
businessman,2
personally,2
httpstcotdel35iuqw,2
httpstconrxntxkcqz,2
mediaite,2
describes,2
horror,2
httpstco94x6qspsi3,2
bitter,2
energy,2
ass,2
smacked,2
twittermoments,2
estrangement,2
gingrichofpa,2
predict,2
‚Äútreason‚Äù,2
qiscancer,2
qisgarbage,2
nhttpstcogq‚Ä¶,2
httpstcoxzuth9x2g2,2
httpstcoqorprthjy0,2
dated,2
greedy,2
selfish,2
httpstcoxu‚Ä¶,2
‚Äútoday‚Äù,2
httpstcokvdnqccwms,2
saw,2
blaming,2
actually,2
usa,2
dannon787,2
conway,2
conway‚Äôs,2
nnconway,2
loved,2
son,2
doubt,2
angs‚Ä¶,2
httpstco8nhamqm6hd,2
greenvillenews,2
g‚Ä¶,2
chatbycc,2
hohumnnno,2
trumpnhe,2
beat,2
baby,2
supposed,2
trump‚Äùnnhttpstco1mrdjfoqqn,2
latest,2
u2066peopleu2069,2
‚Äúangst‚Äù,2
coun‚Ä¶,2
httpstco0ymt22b4ax,2
sure,2
other,2
early,2
kind,2
refused,2
records,2
blinded,2
dems‚Äîthis,2
alone,2
choosing,2
pla‚Ä¶,2
hey,2
ricans,2
y‚Ä¶,2
georgetakei,2
6,2
100,2
breakingnlive,2
lisamei62,2
state,2
racebaiting,2
xenophobic,2
thats,2
carter,2
living,2
guaid√≥,2
esta,2
mikebwonder,2
salient,2
policy,2
alternative,2
roger,2
stone,2
nicoxw1,2
well,2
forced,2
trum‚Ä¶,2
‚Äúi,2
false,2
open,2
brianklaas,2
doesn‚Äôt,2
basic,2
imagine,2
theory,2
whether,2
those,2
voters,2
asambleave,2
este,2
primera,2
dama,2
fabiirosales,2
quitter,2
warren,2
candidate,2
divided,2
mulvaney,2
nullifying,2
apologize,2
n√£o,2
70,2
billkristol,2
move,2
options,2
yacht,2
anchor,2
morning,2
month,2
gift,2
while,2
returns,2
fondos,2
para,2
legal,2
used,2
exaggerate,2
wealth,2
hide,2
knew,2
free,2
blasts,2
knowingly,2
unlawfully,2
tonight,2
fox,2
fired,2
wanted,2
nnwe,2
question,2
delusional,2
havent,2
muellers,2
rule,2
ricos,2
‚Äúdonald,2
bulldoghill,2
stood,2
agradecido,2
recibirnos,2
reiterarnos,2
respaldo,2
nnseguimos,2
trabajando,2
sin,2
descan‚Ä¶,2
bet,2
paid,2
üá∫üá∏,2
üëç,2
üëå,2
‚úÖ,2
npoll,2
httpstcovscn8586hh,2
et,2
exonerate,2
exactly,2
apologies,2
nation,2
die,2
eine,2
nnsen,2
rand,2
loretta,2
lynch‚Ä¶,2
seen,2
felony,2
manhattan,2
trumps‚Ä¶,2
au,2
quand,2
tweetmommybop,2
donated,2
charity,2
disabilities,2
mercy,2
weal‚Ä¶,2
nosotros,2
queremos,2
confrontarnos,2
as√≠,2
estado,2
outrageous,2
avenatti,2
hand,2
suspect,2
cronies,2
ounce,2
level‚Ä¶,2
collusion,2
jenwilling711,2
potus45,2
grandrapids,2
excitement,2
god,2
bless,2
rican,2
physically,2
cnnsitroom,2
consumed,2
feud,2
kim,2
jong,2
threats,2
toured,2
storm,2
so‚Ä¶,2
something,2
isnt,2
compliments,2
p‚Ä¶,2
noncitizens,2
attention,2
httpstco6g8dxqt1bd,2
countries,2
fucking,2
dictator,2
tyrant,2
buddies,2
mkraju,2
three,2
defending,2
budgetnthat,2
stop‚Ä¶,2
realjack,2
confirmed,2
futureüëáüèªnn,2
httpstco2ovs9b7ubb,2
lines,2
‚Äúthis,2
wha‚Ä¶,2
ltlgcoach,2
circling,2
drain,2
hurt,2
do‚Ä¶,2
flynn,2
httpstcolh8jlebmlx,2
mcurtis12news,2
added,2
by‚Ä¶,2
am,2
laughing,2
vetted,2
states,2
federal,2
mosc√∫,2
dylanmsmitty,2
threw,2
speakerpelosi,2
devinnunes,2
28,2
senduckworth,2
eliminating,2
mrdane1982,2
full,2
bernie,2
sanders,2
body,2
human,2
donald‚Ä¶,2
reverses,2
cut,2
actress,2
essenviews,2
power,2
gobierno,2
strength,2
dijo,2
americans,2
strikes,2
iamamadao,2
dream,2
crazy,2
accounts,2
sent,2
mail,2
wild,2
rokhanna,2
165,2
billion,2
overseas,2
contingency,2
slush,2
wars,2
nnn‚Ä¶,2
ericgarcetti,2
katieporterocnnin,2
ca45,2
defenders,2
elect‚Ä¶,2
elisamichaels,2
win,2
without,2
massive,2
dry,2
sp‚Ä¶,2
supporting,2
presidentdonald,2
trumpüá∫üá∏üëçüá∫üá∏üëçüá∫üá∏üëçüá∫üá∏üëçüá∫üá∏üëç,2
httpstcomurl4bda1x,2
mlfoxwell,2
nonsense,2
does‚Ä¶,2
dlmdoby,2
tweetsonamug,2
heathernauert,2
statedept,2
notnhttpstco7nerb2jj3m,2
httpstcoorvm7zjnah,2
subscription,2
brillant,2
commander,2
cheat,2
cheats,2
sums,2
ethos,2
httpstcovm9oewcswo,2
missspeech,2
popehat,2
renatomariotti,2
places,2
kinds,2
problems,2
disappear,2
httpstcomlrqfvvbpf,2
httpstcoqewmtlkdqz,2
kallmantom,2
exploited,2
generations,2
unjustly,2
accumulate,2
incredible,2
riches,2
smart‚Ä¶,2
mayor,2
supporter,2
como,2
come,2
within,2
backed,2
very,2
illthoughtout,2
httpstcoehllviteqi,2
public,2
seanhannity,2
tox‚Ä¶,2
pm,2
‚Äì,2
xl,2
construction,2
yo,2
sorts,2
trumpregierung,2
genehmigt,2
geheimen,2
verkauf,2
kernenergietechnologie,2
saudiarabien,2
httpstcodqy7ykn3rw,2
accept,2
feigned,2
concern,2
feeling,2
cornered,2
throws,2
d,2
john,2
investigating,2
foundation,2
uma,2
davidwohl,2
michaelavenatti,2
fraudndonald,2
njustice,2
kavanaugh,2
njacob,2
wohlntucker,2
carlsonnsusa‚Ä¶,2
httpstcoecwqtuvvrs,2
mans,2
idea,2
¬°alarmante,2
advertencia,2
¬®puras,2
palabras,2
httpstcobuxyh1paqp,2
v√≠a,2
no‚Ä¶,2
luck,2
killing,2
trumpnnel,2
partido,2
declar‚Ä¶,2
scared,2
wildly,2
spiraling,2
control,2
smarter,2
billweimer,2
charged,2
obstructionnhow,2
possibly,2
chargednnshe,2
smashed‚Ä¶,2
alltrumpslies,2
correct,2
iran,2
exists,2
httpstcouqyzbvhu2p,2
reporters,2
friday‚Ä¶,2
httpstcon2ewjnn5kg,2
queue,2
postbrexit,2
saysnhttpstco3dltnbqjc6,2
matthewamiller,2
unpopular,2
shouldnt,2
publicly,2
derogatory,2
info,2
indict,2
applies,2
worstthingstoawakento,2
adamparkhomenko,2
protestors,2
noise,2
outside,2
258,2
aren‚Äôt,2
levinejonathan,2
toxic,2
environment,2
smollettnnthe,2
standfortruth10,2
taught,2
honor,2
flag,2
sanctity,2
revoking,2
pulitzers,2
coveragennthe,2
driv‚Ä¶,2
httpstcoihn6pvgwp8,2
aecologistas,2
httpstcokas120zbt6,2
ah√≠,2
candidatos,2
avalados,2
banda,2
criminal,2
cambio,2
cmilanoticia,2
cgrcol‚Ä¶,2
realtedfriend,2
greatest,2
dark,2
tie,2
httpstcocanvncmjff,2
enchantingly,2
eats,2
dogs,2
chew,2
toy,2
stupidly,2
invades,2
ant,2
kingd‚Ä¶,2
httpstco3dbdrd0tvf,2
translaterealdt,2
reminder,2
privately,2
owned,2
club,2
dreams,2
preparing,2
myself,2
type,2
httpstcoor5zzk9pel,2
‚Äútells,2
is‚Äù,2
‚Äúruns,2
divisiv‚Ä¶,2
minorstrmmedia,2
hamilto‚Ä¶,2
competent,2
grasps,2
policy‚Ä¶,2
httpstcoggnequcikw,2
2nd,2
amendment,2
lost,2
faith,2
httpstco0i1bxys00w,2
someone,2
others,2
httpstcogv27o7syd3,2
httpstcocuz5v7w05z,2
tampoco,2
üòínnes,2
du‚Ä¶,2
httpstcop569fnmmud,2
prageru,2
actors,2
wel‚Ä¶,2
httpstcocf8fi3rhgw,2
hay,2
mismo,2
fueras,2
playing,2
games,2
votes,2
microbliterate,1
advice,1
üôè,1
httpstconrp34fenta,1
rise,1
recognized,1
cc,1
‚Ä¶,1
nnshe‚Äôs,1
pissed,1
ended,1
chance,1
bu‚Ä¶,1
‚Äò‚Äôbarbara,1
heartrelated,1
hospitalization,1
june,1
2016‚Äô,1
httpstcol1rusn5es1,1
beloved,1
ladies,1
tim‚Ä¶,1
httpstco83kumyowyq,1
redpainter1,1
httpstcodr2ks6olyn,1
airpods,1
stacey,1
abrams,1
kirsten,1
gillibrand,1
lori,1
lightfoot,1
hot,1
links,1
httpswwwgayfrie,1
says‚Ä¶,1
httpstcomojb3kiuun,1
trueeyethespy,1
easy,1
manipulate,1
fit,1
agendanthe,1
pushed‚Ä¶,1
bardsofwar,1
ok,1
thoughts,1
mama,1
pondering,1
httpstcofwwk4diami,1
putting,1
arms,1
each,1
httpstcodbe7jhe4w8,1
broderickgreer,1
jeb‚Äôs,1
voting,1
‚Äúcouldn‚Äôt‚Äù,1
nnev‚Ä¶,1
mansoortshams,1
relate,1
recall,1
vividly,1
election,1
thomas1774paine,1
‚Äòangst‚Äô,1
guardianstruth,1
fking,1
barbarabush,1
stops,1
wow,1
trumpsupporters,1
suck‚Ä¶,1
stevenbeschloss,1
elected,1
russians,1
efforts,1
create‚Ä¶,1
salon,1
deutsche,1
bank,1
turns,1
business,1
maxine,1
waters,1
httpstcokrj46hken4,1
expresident,1
hw,1
2016nnhttpstcoj9v4hotvzt,1
sarahconnor2017,1
realdonaldtrumpnnget,1
through,1
neandertholic,1
skullnnpuerto,1
citizens‚Ä¶,1
elinformadorve,1
junto,1
comitiva,1
acompa√±a,1
encabezada,1
embajador,1
carlos,1
vechio,1
roland,1
carre√±o,1
httpstco8gjoabgokn,1
27,1
130pm,1
pdt,1
13,1
minutes,1
ago,1
nwatch,1
live,1
happening,1
posthumously,1
present‚Ä¶,1
httpstcoudddn6zvyb,1
nuggets,1
oldni,1
theresa,1
confused,1
confu‚Ä¶,1
httpstcoiozwqunyk1,1
amyklobuchar,1
closed,1
senate,1
reading,1
letters,1
preexisting,1
conditions,1
ge‚Ä¶,1
insiders,1
concluded,1
august,1
201‚Ä¶,1
pray,1
presidents,1
safety,1
nnwest,1
virginia,1
police,1
interstate,1
68,1
temporarily,1
wedne‚Ä¶,1
rejected,1
clearance,1
overrulednfull,1
reform,1
demanding,1
10,1
accounti‚Ä¶,1
sen,1
lindsey,1
graham,1
2015,1
ha‚Ä¶,1
davidcorndc,1
brazen,1
kremlin,1
emissary,1
russ‚Ä¶,1
sundarpichai,1
google,1
doing,1
financially,1
httpstcotwfhe49hug,1
mzyun,1
scotus,1
rules,1
nnrealdonaldtrump‚Ä¶,1
motherjones,1
jimmy,1
94,1
longest,1
once,1
‚Äúdisaster‚Äù,1
bro‚Ä¶,1
ntn24,1
esposa,1
interino,1
re√∫ne,1
hora,1
es‚Ä¶,1
thenoahring,1
pardon,1
flynnnnrt,1
yesnlike,1
easier,1
exwatergate,1
lawyer,1
bag,1
packed,1
ready,1
uptodate,1
list,1
c‚Ä¶,1
cnns,1
cuomo,1
collude,1
mueller‚Ä¶,1
except,1
kushner‚Äôs,1
reince,1
priebus,1
papadop‚Ä¶,1
httpstcoxteaao8nwf,1
bury,1
acknowledge,1
sterling,1
recordnlike,1
henyou,1
know‚Ä¶,1
incensed,1
barak,1
audacity,1
embarass,1
white‚Ä¶,1
httpstcoevrfs9nixr,1
abaskerville10,1
invited,1
international,1
community,1
recognizes,1
legitimate,1
presiden‚Ä¶,1
repswalwell,1
caught,1
statement,1
tomjunes,1
mac,1
questions,1
swirling,1
investigation,1
as‚Ä¶,1
msm,1
differently,1
incredibly,1
filing,1
chapter‚Ä¶,1
httpstcoquxiswuvyc,1
works,1
journalists,1
letting,1
deflec‚Ä¶,1
hroz√≠,1
nov√°,1
karibsk√°,1
krize,1
nnget,1
vyzval,1
kaƒçer,1
rusk√Ω,1
mordor,1
aby,1
rychle,1
vypadl,1
z‚Ä¶,1
httpstco31w9rby0ry,1
pgsmith,1
papadopoulos‚Ä¶,1
december,1
7,1
nomination,1
succeed,1
jeff,1
httpstco7fney2tedp,1
drjacobsrad,1
outcry,1
allow,1
witnesses,1
muller,1
probe,1
testifynncdnpoli,1
crisleemaza,1
promoted,1
ukraines,1
prosecutor,1
yuriy,1
lutsenko,1
olganyc1211,1
explains,1
recently,1
met‚Ä¶,1
gelles,1
olivianuzzi,1
account,1
affected,1
mueller‚Äôs,1
httpstcopmlo8ovxur,1
‚Äúen,1
momento,1
nuestra,1
est√°,1
reunida,1
vraiment,1
russie,1
doit,1
menace,1
httpstcobppb8teafi,1
robillard,1
might,1
campaign‚Äôs,1
argument,1
here,1
nn‚Äúelizabeth,1
race,1
defea‚Ä¶,1
indivisibleil,1
outright,1
cruelty,1
ignorance,1
command,1
rights,1
act,1
httpstcoudb7qku8fs,1
httpstcot6qhfzcbgl,1
politzoficial,1
urgentenndonald,1
sobe,1
tomnn,1
r√∫ssia,1
deve,1
sair,1
todas,1
op√ß√µes,1
em,1
abertonnhttpstcoq‚Ä¶,1
theres,1
proof,1
cried,1
4boysnanny,1
feel,1
blatant,1
disrespect,1
obama‚Ä¶,1
httpstcolfuaftxho0,1
httpstcofdtqsuki6f,1
therightmelissa,1
analysis,1
proven,1
social,1
followers,1
troll,1
ac‚Ä¶,1
httpstcoxhjukpjzfb,1
httpstcoqjagnwvkmc,1
mitchellreports,1
quiet,1
polite‚Ä¶,1
shouldn‚Ä¶,1
claytravis,1
reaction,1
sons,1
supporte‚Ä¶,1
internal,1
arguments,1
preceded,1
departments,1
httpstcoj15tgmq5pn,1
httpstcolhl6yrbqhb,1
maddow,1
allah‚Äôs,1
khalifa,1
imam,1
mahdi,1
nasser,1
mohammad,1
alyemeni,1
decision,1
satan,1
httpstco0ymj4dn3sf,1
demwrite,1
planning,1
april,1
fundraising,1
trip,1
angeles,1
area,1
attendees,1
picture,1
myteks,1
venezuelan,1
opposition,1
guaid√≥nwe,1
100nnasked‚Ä¶,1
marshalllocke,1
noahcrothmann,1
ndonald,1
prudence,1
circumspection,1
consideration,1
political‚Ä¶,1
pete,1
buttigieg,1
complicit,1
resurgence,1
nationali‚Ä¶,1
opposes,1
sideshow,1
mill‚Ä¶,1
httpstcokmv0gwtv3u,1
sputnikfr,1
d√©clar√©,1
toutes,1
les,1
√©taient,1
possibles,1
pour,1
obliger,1
moscou,1
commentant,1
l‚Ä¶,1
cbsnews,1
example,1
httpstcohakmj9jflm,1
httpstcodfbemzb‚Ä¶,1
twitlertwit,1
helping,1
clintons,1
piedpier,1
strate‚Ä¶,1
senschumer,1
macfinn44,1
dmitry,1
rybolovlevs,1
anna,1
roman,1
abramovichs,1
eclipse,1
st,1
barts,1
31519ntrump,1
oligarc‚Ä¶,1
mikeaxelrod,1
sister,1
champion,1
countless,1
athletes,1
immeasur‚Ä¶,1
eburgener,1
lifebydesign62,1
mazzenmohammed,1
dies,1
narcissisti‚Ä¶,1
shepmjs,1
32619,1
yougov,1
16,1
consult,1
17nexactly,1
18,1
aggregate,1
such,1
polling,1
thanks,1
üòâ‚úåüèºhttpstcospwdo9xhli,1
nytimes,1
empathy,1
act‚Ä¶,1
httpstcowjrdd111zs,1
thisnnand,1
leakers,1
youre,1
bernie‚Ä¶,1
httpstcohxmgtwfyvb,1
hi,1
httpstco2thbhtiavj,1
luisjdelvalle,1
ricky,1
quiere,1
coordinador,1
supervise,1
recuperaci√≥n,1
s√≠,1
pataletea,1
recibir,1
fed‚Ä¶,1
zerlinamaxwell,1
isn‚Äôt,1
kids,1
of‚Ä¶,1
paladincornelia,1
involved,1
russianhacking,1
turned,1
blind,1
eyenndonald,1
jrnjared,1
ku‚Ä¶,1
inner,1
circle,1
filled,1
criminals,1
pardon‚Ä¶,1
httpstconn0862xab0,1
would‚Äôve,1
preferred,1
httpstcoyddmihudby,1
jysexton,1
wasn‚Äôt,1
damaging,1
completely,1
walk,1
street‚Ä¶,1
nazis,1
11th,1
hour,1
youtube‚Ä¶,1
httpstcougxjniihtw,1
afpusa,1
pourrais,1
fermer,1
fronti√®re,1
sud,1
repart,1
campagne,1
contre,1
limmigration,1
ill√©gale,1
httpstcopv3c7umft6,1
pa‚Ä¶,1
colluding,1
httpstcoaahpbjchhv,1
reaganiteleo,1
hope,1
sues,1
ericswalwell,1
libel,1
slander,1
defamation,1
character,1
bankrupting,1
tf,1
enter,1
brain,1
httpstcojb8jr0c70y,1
joshscampbell,1
me‚Äîby,1
corybooker,1
night‚Äôs,1
bookertownhall,1
favorite,1
moments,1
started,1
on‚Ä¶,1
demonstrating,1
their,1
delusion,1
smhnnpreside‚Ä¶,1
httpstcoevdkpxvwvd,1
flowingfire,1
fras99,1
outofcontext,1
u‚Ä¶,1
httpstcofhrl8itxse,1
yahoo,1
leftists,1
founders,1
foundednndonald,1
driven,1
insan‚Ä¶,1
httpstcorzbkdued7v,1
httpstco837rzomvie,1
‚Äúname,1
presidents‚Äùnstudent,1
barrack,1
denzel,1
washington‚Äù,1
investigators,1
capitol,1
hill,1
homing,1
apparent,1
attempt,1
determine‚Ä¶,1
istandwithschiff,1
truth,1
silenced,1
httpstco2rnqeymnor,1
rolandtichy,1
merkel,1
und,1
maas,1
lassen,1
unsicherheitsrat,1
aggressiv,1
angreifen,1
zu,1
lasten,1
israelischen,1
zivilisten,1
die‚Ä¶,1
speaking,1
lyingnnhow,1
investorsnhttpstco0an6pjnm1b,1
hrenee80,1
oh,1
talk,1
abuse,1
surveillance,1
programs,1
nowndonald‚Ä¶,1
begins,1
steele‚Äîa,1
mi6,1
desk,1
chief,1
wo‚Ä¶,1
miafarrow,1
earth,1
hearted,1
think‚Ä¶,1
jamesmastill,1
appears,1
column,1
httpstcoqjunydlb9x,1
greece,1
httpstcouafvcim8o0,1
kryptokoi,1
causeur,1
fin,1
c‚Äôest,1
encore,1
qui,1
gagne,1
httpstco8iqenrrhb8,1
change,1
perfect,1
description,1
zebop,1
find,1
odd,1
f‚Ä¶,1
pay,1
money,1
nnhttpstcogcqoi029vs,1
jonathanoosting,1
thousands,1
clad,1
stars,1
stripes,1
hats,1
wrapped,1
andel,1
arena,1
rude,1
insensitive,1
nasty,1
individual1,1
owes,1
yet‚Ä¶,1
httpstco8imhj0ibtb,1
trumpnthe,1
major,1
parties,1
victimising,1
simpl‚Ä¶,1
httpstco2eeeigehvn,1
charleskrueger,1
der,1
amerikanischen,1
steuergelder,1
f√ºr,1
mauer,1
ausgeben,1
willndu,1
bist,1
witzfigur,1
infeed,1
notations,1
repeatedly,1
identify,1
flagrant,1
service,1
viol‚Ä¶,1
podsaveamerica,1
react,1
strongly,1
renews,1
obam‚Ä¶,1
httpstcokrg8qtuxud,1
‚Äòexonerate‚Äô,1
vladimir,1
httpstcoujkjhrt3od,1
httpstcop1tdu4z76h,1
cresciencespo,1
poulet,1
chlore,1
viande,1
hormones,1
vous,1
g√™nent,1
cest,1
visiblement,1
moins,1
ce,1
sont,1
da‚Ä¶,1
ryanhillmi,1
pendejo,1
ryanvamos,1
paredviva,1
httpstcoqs9crnsrpa,1
chrisloesch,1
chrisevans,1
markruffalo,1
criticizing,1
chri‚Ä¶,1
httpstconjawazhpkx,1
lopezdoriga,1
nnvamos,1
ayudar,1
todo,1
podamos,1
gobier‚Ä¶,1
oftadvocate,1
editorial,1
toledonews,1
attacking,1
workers,1
lordstownthe,1
ohio,1
taralogrady,1
httpstco5ssjozviv0,1
ffd365,1
umfrage,1
zustimmungsrate,1
springt,1
f√ºnf,1
punkte,1
nach,1
urteil,1
httpstcol60tv98hdl,1
httpstcof3aoscovqo,1
investorsnhttpstco9ynaxmsroc,1
vpitv,1
28mar,1
encargada,1
miami,1
d√≥nde,1
reunir√°,1
par,1
melania,1
review,1
charges,1
werexa0dr‚Ä¶,1
httpstcoekokv7enxl,1
tmz,1
happens,1
smolletts,1
embarrassing,1
expect‚Ä¶,1
guynhes,1
shitncant,1
agreeing,1
httpstcol7l8s44mmz,1
qanon76,1
teaching,1
childrenn,1
ncalls,1
teacher,1
giving,1
olds,1
nanti,1
httpstcowmkidesj4o,1
backfires,1
‚Äòno,1
collusion‚Äô,1
obstruction,1
nntrump‚Ä¶,1
httpstcot6qrb9ghlk,1
mattgaetz,1
trumpn58000,1
texas,1
95000,1
registered,1
votenmexico‚Ä¶,1
httpstcoqzrds5utsn,1
sarahcwestwood,1
int‚Ä¶,1
statements,1
seeing,1
peoples,1
spineless,1
cowards,1
moon,1
landing,1
faked,1
counted,1
bedroom,1
httpstcocm7kupvaqonni,1
tha‚Ä¶,1
cdoc911,1
leaking,1
immediately,1
nnfixed,1
httpstcod0ni9ez1ih,1
debts,1
washington‚Ä¶,1
httpstcoyreeawof3j,1
itsabout1a2a,1
verdict,1
üëäüèªüëäüèªüëäüèªnhttpstcohajzotbxkg,1
lvmypug,1
verdictnhttpstcobyl1vfxa0r,1
enormous,1
mile,1
sti‚Ä¶,1
crewcrew,1
dozen,1
acting,1
interior,1
secretary,1
david,1
bernhardt‚Äôs,1
exclients,1
arranged,1
least,1
scheduled,1
with‚Ä¶,1
colberts,1
accurate,1
unlike,1
coverage,1
happened,1
re‚Ä¶,1
abcworldnews,1
according,1
experts,1
httpstcownbrzy7qrb,1
seanmdav,1
nellie,1
ohr,1
admits,1
testimony,1
before,1
judiciary,1
fusion,1
gps,1
dig,1
dirt,1
pau‚Ä¶,1
sarahcc90,1
ambertamblyn,1
mrjoncryer,1
briankempga,1
dictionary,1
phot‚Ä¶,1
httpstcoxuoih7kdi4,1
telesurtv,1
debe,1
trumpnneeuu,1
presencia,1
militar,1
177,1
pa√≠ses,1
httpstcoo3ki8knbll,1
himself,1
‚Ä¶so,1
olympics‚Ä¶he,1
goes,1
‚Äòthis,1
my‚Ä¶,1
solid,1
restoring,1
12news,1
httpstc‚Ä¶,1
kudos,1
standing,1
billionai‚Ä¶,1
httpstcomdzvygjdl9,1
diazbriseno,1
‚Äúwe,1
confront,1
maintain,1
respectful,1
position,1
sta‚Ä¶,1
ate,1
greifed,1
nigel,1
farage,1
inactionnever,1
months,1
contract,1
buy,1
hundreds,1
thousa‚Ä¶,1
httpstcoj6ikg7d6bd,1
politicomx,1
actualizadondesde,1
luego,1
respetamos,1
postura,1
muronindic√≥,1
flujos,1
migrator‚Ä¶,1
confirms,1
httpstcoud5ewse1mz,1
httpstco3zlibnyspk,1
trump2020,1
nnpedophile,1
treasonnnhttpstcopafmobw9sl,1
httpstcovlifh3kkex,1
evangelical,1
christianity,1
i‚Äôll,1
passnwho,1
agrees,1
job,1
backtrack,1
guys,1
bus,1
httpstcoht6b2usnpk,1
nmr,1
httpstcofpvxsjacbu,1
thursday,1
markmallardi,1
trumpnnhuman,1
beings,1
tribalnnwe,1
define,1
ourselves,1
relative,1
affiliation‚Ä¶,1
emilyjanelawler,1
surprise,1
guest,1
cheers,1
while‚Ä¶,1
record,1
remove,1
schitt,1
ic,1
taking,1
orders,1
aoc,1
colvinj,1
lock,1
chants,1
ringing,1
preshow,1
laura,1
cox,1
chair,1
gayrepublicswag,1
middleageriot,1
promised,1
restore,1
claiming,1
overridden,1
peoplennif,1
ther‚Ä¶,1
roguebettysays,1
note,1
limit,1
abbydphillip,1
anybody,1
‚Äòtaken,1
ever‚Äô,1
disagree,1
newsweek‚Ä¶,1
httpstcojhqjwhy9cw,1
ericholder,1
okay,1
httpstcomm5tj6n0ch,1
craigrozniecki,1
gopers,1
observations,1
run,1
contrary,1
tomthunkitsmind,1
hat,1
forgetting,1
wearing,1
toupee,1
lee,1
ticksn,1
link,1
‚Äúis,1
‚Äòhey,1
defund,1
muelle‚Ä¶,1
httpstcolnwd1g1hcz,1
projection,1
muchnnfta,1
rosanna,1
arquette,1
declared,1
ruled,1
‚Äúsick,1
dictatorship‚Äù,1
important,1
v‚Ä¶,1
httpstcoue5akb4vio,1
httpstco0dk8kcvs7n,1
insurance,1
costs,1
facts,1
governme‚Ä¶,1
magannjustice,1
12year,1
maria,1
nnhttpstcopafmobw9sl,1
httpstco2evqhbszhc,1
freedlander,1
petebuttigieg,1
concert,1
plays,1
dog,1
whistle,1
weekly,1
afterdinner,1
speech,1
hear,1
yes,1
involve,1
trumpeither,1
pisstaking,1
impr‚Ä¶,1
httpstcoassn3nutml,1
democracyjourno,1
ag,1
gentleman,1
donaldtrump,1
httpstcojbrykkt8g7,1
adamschiff,1
seanhannity‚Ä¶,1
httpstcoye9adl9k4g,1
drawandstrike,1
thisnnyouve,1
watching,1
pieces,1
board,1
moved,1
senators,1
accuse,1
‚Äúusing,1
fealty‚Äù,1
criteria,1
courage,1
award,1
‚Äúif,1
can‚Ä¶,1
senmarkey,1
truly,1
totally,1
exonerates,1
problem,1
httpstcojaqu2ugtyy,1
reich,1
rbreich,1
scandal,1
httpstcomiflofbhbk,1
httpstcone8dxnnf2p,1
tonyposnanski,1
7am,1
attacked,1
joe,1
msnbcnnwhich,1
mel‚Ä¶,1
shushanapn,1
bibi,1
posted,1
videos,1
todaynn1,1
downright,1
hilariousaltuniverse,1
hannity,1
cruz,1
slobbering,1
over‚Ä¶,1
vtrujillom,1
ninguna,1
manera,1
vamos,1
mantener,1
una,1
relaci√≥n,1
muy,1
respetuosa,1
el‚Ä¶,1
httpstcoufrlbyxhlq,1
felexsanders,1
korea‚Ä¶,1
httpstcoslf4sqweru,1
investors,1
httpstcohgokpil7dr,1
weeknon,1
californian,1
cow,1
partidobaaz,1
mientras,1
terroristas,1
israel√≠es,1
atacan,1
palestina,1
netanyahu,1
reunido,1
reconocido,1
gol√°n‚Ä¶,1
eluniversalmx,1
video,1
üìπ,1
mexicano,1
l√≥pez,1
obrador,1
va,1
confrontar,1
httpstcoxf1rbs465z,1
half,1
despite,1
findings,1
michaelpfreeman,1
limb,1
arent,1
detailing,1
innocent,1
associat‚Ä¶,1
43,1
phone,1
sean,1
hannitynhttpstcoelpdf07cac,1
andylassner,1
ksmithspeaking,1
elisestefanik,1
theellenshow,1
true,1
httpstcohgbew5bdrc,1
tomdispatch,1
naked,1
jaybird,1
httpstcowhyn5v50l9,1
engelhardt,1
bscwatson,1
sad,1
stuck,1
stupid,1
damn,1
self,1
praise,1
markjkremer,1
elsennhe,1
showed,1
paper,1
towels,1
crowd,1
vi‚Ä¶,1
radicalalert,1
thanking,1
honble,1
‚Äúpuerto,1
being‚Äù,1
liar,1
theeconomist,1
expansive,1
view,1
executive,1
argued,1
obstruct,1
propaganda,1
machine‚Ä¶dedicated,1
maligning,1
httpstcogwjg6tphvu,1
cable,1
stations,1
nni,1
live‚Ä¶,1
httpstcouftifitj0t,1
artdonovan,1
loudobbs,1
httpstcouijcmqy1j2,1
httpstcoz5ib3s6g5e,1
alemardul,1
paolaholguin,1
jajaja,1
nnota,1
h√°ganos,1
hp,1
favor,1
vaya,1
dea,1
revise,1
todos,1
infor‚Ä¶,1
httpstcodiez7lyidi,1
benshapiro,1
legend,1
mind,1
honestly,1
educated,1
passionate,1
god‚Ä¶,1
httpstcow4ebjdigcy,1
gangsterhealth,1
jamesmarcher,1
sunstretch,1
people4bernie,1
berniesanders,1
bs,1
numbers,1
75,1
httpstcopvptvpzerw,1
9gfuo64yqx2hcs,1
‰ª•‰∏ã„ÅÆ„Ç≠„É£„É≥„Éö„Éº„É≥„Å´Ë≥õÂêå„Çí„ÅäÈ°ò„ÅÑ„Åó„Åæ„ÅôÔºÅ„Äådonald,1
demand,1
animal,1
welfare,1
laws,1
china„Äç,1
httpstcocuulxjxcky,1
changejp„Åã„ÇânnÁΩ≤Âêç‚Ä¶,1
socava,1
orden,1
mundial,1
reconociendo,1
gol√°n,1
sirio,1
israel√≠,1
liga,1
√°rabe,1
httpstcowyy2sawmsp,1
httpstcodixmmjymap,1
httpstcopb31ydcwfh,1
httpstcohkpla9poet,1
nikkithegreen,1
humbly,1
concerned,1
citizens,1
wanting,1
muzzle,1
voice,1
httpstcoba8gpmqpba,1
funder,1
‚Äúserious,1
moment,1
decide,1
defrauding,1
djt,1
eugenegu,1
happen,1
httpstcog3k74y0f08,1
1acemadsen1,1
üá∫üá∏üê∂sheepdog‚Äôsdonald,1
‚Äòi,1
enjoy,1
fight‚Äô,1
üê∂üá∫üá∏nüá∫üá∏üê∂2a1a,1
maga45,1
fb‚Ä¶,1
bellatrixx2020,1
gestures,1
designed,1
evershrinking,1
struck,1
down‚Ä¶,1
riterick,1
fbipittsburgh,1
thelastrefuge2,1
27th,1
wcbc,1
radion330,1
update,1
wchs,1
tv,1
shutdown,1
res‚Ä¶,1
washtimes,1
try,1
speed,1
httpstcoziomeg4jgo,1
elemloe,1
¬øquieren,1
ustedes,1
conteste,1
trumpn‚Äî,1
beeeeeeeeeeeeeen‚Äî,1
¬øverdad,1
debemos,1
llevar,1
buenas,1
relaciones,1
gobiern‚Ä¶,1
taylor26susan,1
campbellclaret,1
devious,1
fingers,1
pies,1
rraching,1
httpstcoqpcszeo4vp,1
nbcmontana,1
issued,1
allowing,1
oil,1
year‚Ä¶,1
chip,1
thinking,1
httpstcoykkvqxadrw,1
vill‚Ä¶,1
mexicans,1
built,1
home,1
system,1
httpstcosjmxhobyqe,1
skynews,1
bolton,1
sky,1
keen,1
europennrea‚Ä¶,1
httpstcoauxayjgfro,1
presidencia,1
salie‚Ä¶,1
httpstcov7j1jqq5ez,1
httpstcoura42tutwfnnsuch,1
httpstcogjtrxwjxwx,1
‚Äòembarrassment,1
country‚Äô,1
rally‚Ä¶,1
httpstcobscplcllx2,1
stoolpresidente,1
knowledge,1
pending,1
involving,1
hearing‚Ä¶,1
httpstcod6u6ws9nvk,1
elespectador,1
uribe,1
defiende,1
acusaciones,1
llegada,1
ee,1
uunhttpstco8lb6ghgmgg,1
tr√™s,1
jornalistas,1
foram,1
demitidos,1
ap√≥s,1
retirada,1
um,1
artigo,1
afirmava,1
congresso,1
americano,1
investi‚Ä¶,1
httpstcoutlfimeq6b,1
felipeneto,1
poderia,1
ser,1
diferente,1
com,1
mat√©ria,1
t√£o,1
imbecil,1
alavancando,1
seu,1
pa√≠s,1
for‚Ä¶,1
httpstcoj4odcesvtp,1
aroundnnhttpstcokfcrgfnskg,1
golan,1
crimea,1
kashmir,1
httpstcowv4tpwdxrx,1
yahoonewsnthis,1
action‚Ä¶,1
httpstco240trnocf0,1
jdanbishop,1
petition,1
friends,1
agree,1
dan,1
mccready,1
tell,1
nancy,1
pelosi,1
ocasi‚Ä¶,1
gerryconway,1
tropicalsteve,1
poor,1
rich,1
assassination,1
httpstcofuyxgywuh6,1
andrea3825,1
preo‚Ä¶,1
nightmare,1
wherein,1
dril,1
conan,1
obrien,1
1907,1
httpstcoyafohbgo8f,1
brentbozell,1
seventyfour,1
twomonth,1
period,1
savage,1
vin‚Ä¶,1
mymynags,1
httpstcopafmlghebk,1
httpstcofbopfmhebl,1
moveon,1
unethical,1
unpatriotic,1
evidence,1
lays,1
trumpnncall,1
initiative,1
httpstcodcynun7mzs,1
loross26,1
ti‚Ä¶,1
respuesta,1
colombiano,1
httpstcovbfwnz7olu,1
colbolivariana,1
uribismo,1
poder,1
entra,1
digo,1
los‚Ä¶,1
moronic,1
director,1
cia,1
had‚Äù,1
httpstco0egkfacice,1
mrjaimito,1
nunca,1
ser√°,1
uni√≥n,1
americanannricky,1
httpstcouv7jj4mgqa,1
santino,1
marella,1
francisco,1
coronado,1
lince,1
dorado,1
ddp,1
defeats,1
braun,1
strowman,1
httpstcoxrn1rmh7uf,1
gopchairwoman,1
pivotal,1
winning,1
enthusiasm,1
proved,1
what‚Ä¶,1
u2066donaldjtrumpjru2069,1
u2066huffpostu2069,1
nndjt,1
httpstco5kppwvml9d,1
ban,1
sea,1
limbaugh,1
objective,1
remains,1
httpstconkqqqdmyb0,1
govrondesantis,1
commitment,1
federally,1
100percent,1
45,1
days‚Ä¶,1
johnbrennan,1
press,1
conference,1
performance,1
helsinki,1
rises,1
exceeds,1
threshold,1
‚Äúhigh,1
crimes,1
misdemeanors‚Äù‚Ä¶,1
youmightthinkitsok,1
10000,1
higher,1
standards,1
presidents‚Ä¶,1
vanity,1
fair,1
httpstcodx66qwa81i,1
unpleasanttrut2,1
een,1
paar,1
beren,1
naar,1
het,1
schuld,1
twee,1
seconden,1
lmfao,1
hoodlumrip,1
gopleader,1
enough,1
remember,1
kevin,1
mccarthy,1
putin‚Äôs,1
payroll,1
calling,1
dca,1
‚Äúpencil,1
neck‚Äù,1
msnbc‚Äôs,1
donny,1
deutsch,1
‚Äúmorning,1
joe‚Ä¶,1
politicalshort,1
brennan,1
angleton,1
appear,1
sane,1
ht,1
httpstcolliftlkudo,1
pressvzla,1
29marnnpresidente,1
ciertamente,1
heredado,1
li√≥,1
problemas,1
corea,1
norte,1
oriente,1
medio‚Ä¶,1
rtdeutsch,1
todayshow,1
hoping,1
midapril,1
mitch,1
httpstcovy9yxgxpbj,1
donthecon,1
facing,1
fierce,1
criticism,1
quickly,1
reversed,1
recommendation,1
fund‚Ä¶,1
‚Äúus,1
tycoon,1
talks,1
ryanair,1
flights,1
prestwick,1
airport‚Äù,1
httptco9zlfxm3u4b‚Ä¶,1
httpstcozwfu11nq4u,1
veteran,1
sam,1
donaldson,1
warned,1
curse,1
httpstcoaewedcdqvt,1
httpstcogiwgzynqoh,1
ferbelaunzaran,1
bc,1
morena,1
postula,1
brib√≥n,1
jaimebonillav,1
se√±alado,1
corrupci√≥n,1
residente,1
san,1
diego,1
donado,1
impo‚Ä¶,1
putouksessa,1
n√§hd√§√§n,1
j√§lleen,1
yht√§,1
asiaa,1
pit√§√§,1
tarkkailla,1
joutuu,1
kyll√§,1
miettim√§√§n,1
putous‚Ä¶,1
httpstco1q2w8hfjb0,1
obran,1
parecen,1
han,1
httpstco87xjxuoyoo,1
sawsharee,1
‚Äúa,1
natural,1
borm,1
loser‚Äù,1
talent,1
wins,1
losses,1
httpstcostw1m4cbhj,1
jorgeramosnews,1
noche,1
8,1
acaba,1
repetir,1
amenaza,1
lopezobrador,1
m√©xico,1
caravanas,1
centroame‚Ä¶,1
order,1
presidentnnhttpstcoqzh71ygzxm,1
‚Äúamerica,1
promise,1
greatness,1
depend‚Ä¶,1
httpstcot2rcvjugo0,1
il,1
ressemble,1
httpstcop9plu9r3lx,1
httpstcogwqe5fnkoj,1
httpstcoeg5eu1tlbn,1
therynheart,1
‚Äòivanka,1
‚Äútussle‚Äù,1
potentially,1
follow,1
footst‚Ä¶,1
iamdevinnsmart,1
honest,1
2016nn1,1
jump,1
clint‚Ä¶,1
introduce,1
resolution,1
condemning,1
strike‚Ä¶,1
noisyinfamous,1
break,1
politics,1
eat,1
wingsnchickfila,1
step,1
rebuilding,1
rocket,1
test,1
site,1
trumpkim,1
summitnsk,1
lawmakers,1
nkorea,1
almost‚Ä¶,1
httpstcok7qpnhb1k2,1
stoptrumpshate0,1
babel37365412,1
perhaps,1
reevaluate,1
ne‚Ä¶,1
httpstcoyglvgcmuom,1
now‚Ä¶,1
palmer,1
reportnnturtle,1
terrified,1
httpstcob7zmczktad,1
schools,1
liberal,1
elites,1
michi‚Ä¶,1
ap,1
tweets,1
southern,1
sections,1
karenhudes,1
vp,1
constitution,1
1789,1
effect,1
traitorsnhttpstcoe9porrnuvanhtt‚Ä¶,1
stevelevine,1
mikeallen,1
monopolies,1
nice,1
httpstcot7m5ikhmel,1
repeated,1
threat,1
setting,1
deadline,1
nrgloria,1
reproche,1
fact,1
mainstream,1
leading,1
contender,1
takin‚Ä¶,1
jkmmikke,1
tego,1
kretynizmu,1
nikt,1
nie,1
pobije,1
zaproponowa≈Ç,1
dzongunowi,1
kimowi,1
ten,1
zdeponowa≈Ç,1
swoje,1
bomby,1
atomowe,1
ericalg,1
maggienyt,1
obsequious,1
sycophant,1
shafted,1
public‚Ä¶,1
httpstcodhz6y8nbvk,1
andrewwinston,1
thisnhttpstcotdko7tdt0n,1
httpstcolfinzmi5ok,1
‚Äúwhat,1
dislikexa0stupidity,1
nastiest,1
forms,1
racism,1
superstition‚Äù,1
christopher‚Ä¶,1
httpstcok0myn42iup,1
usmexico,1
httpstco3sj6g1do44,1
atomgipfel,1
abgebrochen,1
vertrauliches,1
dokument,1
zeigt,1
warum,1
httpstcoaz165rwtrk,1
httpstcoxafv8lwvay,1
sassballer,1
religious,1
represent,1
values,1
women,1
we‚Ä¶,1
thestaghunt,1
celebrar,1
estas,1
s√≥lo,1
porque,1
reafirma,1
sesgo,1
muchos,1
reafirma‚Ä¶,1
httpstcoggcmou2j93,1
altnoaa,1
‚Äúi‚Äôve,1
incredible‚Äù,1
trumpnndonald,1
attended,1
sporting,1
event,1
cuomoprimetime,1
immig‚Ä¶,1
miamiherald,1
heres,1
breakdown,1
yang,1
helped,1
chinese,1
bolster,1
image,1
china,1
ph‚Ä¶,1
earned,1
4m,1
3m,1
mostly,1
still‚Ä¶,1
selon,1
une,1
source,1
ayant,1
assist√©e,1
discussions√†,1
lh√¥tel,1
m√©tropole,1
hano√Ø,1
f√©vrier,1
dernier,1
entre,1
httpstco2q1a7eyvm0,1
donfelixspm,1
colombianoüëâ,1
‚Äúsong,1
cleomenes‚Äù,1
httpstco6grnzshyou,1
unies,1
angelina,1
jolie,1
rejette,1
lamerica,1
httpstco5f4mbmlxpj,1
httpstcod5elvjooek,1
y‚Äôa,1
